{"train/batch_loss":0.6771725416183472,"_wandb":{"runtime":516},"_timestamp":1.7489952566821754e+09,"train/lr":2.9923760987166725e-05,"system/gpu_memory_gb":8.725241856,"train/loss":0.5476030187729077,"val/loss":0.46307358622550965,"epoch":2,"train/hand_mpjpe":355.0555889423077,"val/hand_mpjpe":305.25,"_step":17,"train/batch_mpjpe":431.640625,"val/best_mpjpe":300.328125,"_runtime":509.675729612}