{"final/best_val_mpjpe":239.5,"epoch":6,"system/gpu_memory_gb":11.109014528,"val/loss":0.38901827931404115,"train/loss":0.4405910998344421,"val/best_mpjpe":239.5,"train/batch_mpjpe":219.7265625,"_timestamp":1.7490099490864906e+09,"_step":231,"_runtime":464.716232367,"train/hand_mpjpe":252.55703125,"final/epochs_trained":7,"train/lr":2.5e-06,"train/batch_loss":0.3963627815246582,"_wandb":{"runtime":464},"val/hand_mpjpe":245.515625}