{"train/hand_mpjpe":254.19296875,"val/hand_mpjpe":247.5625,"_timestamp":1.7490116060948563e+09,"train/batch_mpjpe":193.359375,"final/epochs_trained":7,"system/gpu_memory_gb":11.112100864,"_wandb":{"runtime":469},"val/best_mpjpe":238.634765625,"final/best_val_mpjpe":238.634765625,"train/batch_loss":0.3942207396030426,"train/lr":4.109423525312737e-06,"epoch":6,"train/loss":0.5254413496017456,"_step":231,"val/loss":0.4683528356552124,"_runtime":469.072602803}