{"train/hand_mpjpe":311.06019631410254,"final/epochs_trained":7,"epoch":6,"train/batch_mpjpe":330.078125,"_step":35,"final/best_val_mpjpe":268.3515625,"train/batch_loss":0.7266319990158081,"val/loss":0.553323358297348,"train/lr":2.5e-06,"_timestamp":1.7490219539149091e+09,"_runtime":259.762693881,"val/best_mpjpe":268.3515625,"val/hand_mpjpe":268.3515625,"_wandb":{"runtime":259},"system/gpu_memory_gb":11.880146432,"train/loss":0.6818578243255615}