{"_timestamp":1.7490087317890158e+09,"val/best_mpjpe":235.61328125,"system/gpu_memory_gb":11.10856192,"_step":231,"final/epochs_trained":7,"_wandb":{"runtime":474},"train/batch_loss":0.5594333410263062,"train/lr":4.109423525312737e-06,"final/best_val_mpjpe":235.61328125,"train/loss":0.5070005633354187,"train/hand_mpjpe":256.61328125,"epoch":6,"train/batch_mpjpe":283.203125,"_runtime":474.534457766,"val/loss":0.4502705328464508,"val/hand_mpjpe":239.40234375}