{"_runtime":259.121410343,"train/loss":0.6111600047502762,"final/epochs_trained":7,"val/best_mpjpe":255.234375,"train/batch_loss":0.5734056830406189,"train/lr":5.314410000000001e-06,"_wandb":{"runtime":259},"system/gpu_memory_gb":11.884696064,"val/loss":0.4699219994544983,"final/best_val_mpjpe":255.234375,"val/hand_mpjpe":255.234375,"epoch":6,"train/hand_mpjpe":312.24959935897436,"train/batch_mpjpe":298.828125,"_step":35,"_timestamp":1.749018681058321e+09}