{"val/best_mpjpe":249.2578125,"val/loss":0.4951163177490234,"train/lr":2.5e-06,"_timestamp":1.749022246061444e+09,"train/hand_mpjpe":252.30368589743588,"system/gpu_memory_gb":11.451659264,"_runtime":289.175047248,"_step":63,"_wandb":{"runtime":289},"val/hand_mpjpe":251.5,"final/best_val_mpjpe":249.2578125,"train/loss":0.5946776748467715,"epoch":6,"final/epochs_trained":7,"train/batch_loss":0.632459819316864,"train/batch_mpjpe":265.625}