{"train/hand_mpjpe":243.17578125,"_runtime":467.863857746,"val/hand_mpjpe":258.58984375,"_wandb":{"runtime":467},"train/lr":1.4456400944391143e-06,"train/loss":0.5254401882648468,"val/best_mpjpe":258.46484375,"final/best_val_mpjpe":258.46484375,"epoch":6,"val/loss":0.4855693566799164,"train/batch_mpjpe":339.84375,"train/batch_loss":0.6890664100646973,"system/gpu_memory_gb":11.109139456,"_step":231,"final/epochs_trained":7,"_timestamp":1.7490204627778356e+09}