{"val/loss":1.3407195320129395,"_step":30,"train/loss":2.2732497591238756,"train/hand_mpjpe":460.49929887820514,"val/hand_mpjpe":344.9453125,"train/batch_loss":1.9622433185577393,"system/gpu_memory_gb":8.662424064,"epoch":2,"_wandb":{"runtime":533},"val/best_mpjpe":382.078125,"train/lr":4.700495476329001e-08,"_timestamp":1.7489985615011845e+09,"train/batch_mpjpe":507.8125,"_runtime":532.735645955}