{"_timestamp":1.7490148997719834e+09,"train/loss":0.5698906389566568,"epoch":6,"train/batch_loss":0.6313896179199219,"val/hand_mpjpe":275.921875,"final/best_val_mpjpe":275.921875,"final/epochs_trained":7,"train/lr":2.5e-06,"_runtime":260.758544678,"val/loss":0.4415831408500671,"_wandb":{"runtime":260},"val/best_mpjpe":275.921875,"_step":35,"train/batch_mpjpe":361.328125,"train/hand_mpjpe":322.86658653846155,"system/gpu_memory_gb":11.880076288}