{"train/hand_mpjpe":256.01900540865387,"_wandb":{"runtime":347},"_step":119,"val/hand_mpjpe":230.046875,"epoch":6,"_runtime":347.942193804,"final/epochs_trained":7,"system/gpu_memory_gb":11.226151424,"val/loss":0.44457078850269316,"_timestamp":1.7490239803820891e+09,"train/loss":0.5305208255274173,"val/best_mpjpe":230.046875,"train/batch_loss":0.5628456473350525,"final/best_val_mpjpe":230.046875,"train/batch_mpjpe":283.203125,"train/lr":2.5e-06}