{"val/hand_mpjpe":251.05859375,"final/best_val_mpjpe":251.05859375,"train/batch_loss":0.5437623262405396,"final/epochs_trained":7,"_step":119,"_runtime":347.358915851,"_wandb":{"runtime":347},"train/hand_mpjpe":260.76722756410254,"val/best_mpjpe":251.05859375,"val/loss":0.43089594316482543,"epoch":6,"train/loss":0.5025609861581753,"train/batch_mpjpe":273.4375,"system/gpu_memory_gb":11.23126528,"train/lr":1.4456400944391143e-06,"_timestamp":1.7490107826776102e+09}