{
  "hand_mpjpe": 0.2076806817961391,
  "hand_pa_mpjpe": 0.01924300752580166,
  "object_add": 0.0,
  "object_adds": 0.0,
  "contact_accuracy": 0.0,
  "joint_0_mpjpe": 0.2028864803221426,
  "joint_1_mpjpe": 0.20018545811524383,
  "joint_2_mpjpe": 0.20052741972894875,
  "joint_3_mpjpe": 0.20310843710982007,
  "joint_4_mpjpe": 0.20681130875626114,
  "joint_5_mpjpe": 0.20411414790523705,
  "joint_6_mpjpe": 0.2086294396114652,
  "joint_7_mpjpe": 0.21034752268507145,
  "joint_8_mpjpe": 0.21304042349725497,
  "joint_9_mpjpe": 0.20586651136236034,
  "joint_10_mpjpe": 0.20898929997526575,
  "joint_11_mpjpe": 0.20977899207593872,
  "joint_12_mpjpe": 0.21262473888326786,
  "joint_13_mpjpe": 0.2065953779383388,
  "joint_14_mpjpe": 0.20838006813678658,
  "joint_15_mpjpe": 0.20949463539202698,
  "joint_16_mpjpe": 0.21251300169425086,
  "joint_17_mpjpe": 0.20752631897972898,
  "joint_18_mpjpe": 0.20897932919710874,
  "joint_19_mpjpe": 0.20942701986390166,
  "joint_20_mpjpe": 0.21146831007289002,
  "hand_auc_20_50": 1.0
}