{"_wandb":{"runtime":290},"train/batch_mpjpe":271.484375,"epoch":6,"final/best_val_mpjpe":248.859375,"train/batch_loss":0.5911994576454163,"val/loss":0.4824848849773407,"train/hand_mpjpe":267.24008413461536,"train/lr":1.4456400944391143e-06,"system/gpu_memory_gb":11.453264896,"_step":63,"final/epochs_trained":7,"train/loss":0.5770539440787755,"val/best_mpjpe":248.859375,"val/hand_mpjpe":248.859375,"_timestamp":1.7490250523417218e+09,"_runtime":290.979231677}