{"system/gpu_memory_gb":11.11136768,"train/lr":1.4456400944391143e-06,"final/epochs_trained":7,"epoch":6,"_timestamp":1.7490247563620584e+09,"_step":231,"train/hand_mpjpe":235.71640625,"train/loss":0.4861184733390808,"val/hand_mpjpe":240.78125,"_runtime":470.587015247,"val/loss":0.44251413440704346,"_wandb":{"runtime":470},"train/batch_loss":0.5397080183029175,"val/best_mpjpe":240.78125,"final/best_val_mpjpe":240.78125,"train/batch_mpjpe":257.8125}