{"_runtime":470.005323239,"val/best_mpjpe":242.4609375,"val/loss":0.3988476575613022,"train/batch_mpjpe":137.6953125,"_step":231,"_wandb":{"runtime":470},"train/loss":0.4382138999700546,"_timestamp":1.749012108091925e+09,"train/batch_loss":0.28370293974876404,"final/best_val_mpjpe":242.4609375,"epoch":6,"val/hand_mpjpe":243.30078125,"train/lr":1.4456400944391143e-06,"system/gpu_memory_gb":11.107382272,"train/hand_mpjpe":237.85078125,"final/epochs_trained":7}