{"val/hand_mpjpe":239.6015625,"_step":119,"_wandb":{"runtime":347},"val/best_mpjpe":239.6015625,"train/loss":0.5052640175399108,"system/gpu_memory_gb":11.231001088,"final/epochs_trained":7,"_runtime":347.691513421,"final/best_val_mpjpe":239.6015625,"val/loss":0.4300543307065964,"train/hand_mpjpe":256.3069661458333,"train/lr":1.4456400944391143e-06,"train/batch_loss":0.49372225999832153,"epoch":6,"train/batch_mpjpe":241.2109375,"_timestamp":1.7490214250521812e+09}