{"train/hand_mpjpe":284.00440705128204,"val/hand_mpjpe":258.0390625,"train/batch_mpjpe":289.0625,"epoch":6,"train/batch_loss":0.5708261132240295,"train/lr":2.5e-06,"final/epochs_trained":7,"_wandb":{"runtime":260},"train/loss":0.5575318840833811,"_runtime":260.469897029,"_timestamp":1.7490126725142252e+09,"system/gpu_memory_gb":11.879568896,"val/loss":0.4670521731376648,"final/best_val_mpjpe":258.0390625,"val/best_mpjpe":258.0390625,"_step":35}