{"_runtime":459.827281535,"val/loss":0.3893623377084732,"_wandb":{"runtime":459},"_timestamp":1.7490161239824872e+09,"train/lr":2.5e-06,"train/hand_mpjpe":265.5125,"val/hand_mpjpe":263.00390625,"train/batch_mpjpe":255.859375,"val/best_mpjpe":257.66796875,"train/batch_loss":0.4341563582420349,"_step":231,"system/gpu_memory_gb":11.112946688,"train/loss":0.4308031833171844,"final/epochs_trained":7,"final/best_val_mpjpe":257.66796875,"epoch":6}