{"_step":43,"train/hand_mpjpe":351.1875,"epoch":2,"train/lr":2.0605300313816733e-05,"val/loss":0.5973321896791458,"system/gpu_memory_gb":8.794942464,"_wandb":{"runtime":408},"train/batch_loss":0.5901848077774048,"val/best_mpjpe":301.2060546875,"val/hand_mpjpe":300.4345703125,"train/loss":0.7006978041648865,"train/batch_mpjpe":294.921875,"_timestamp":1.7489970596860683e+09,"_runtime":406.532302937}