{"_runtime":469.653377916,"train/batch_mpjpe":216.796875,"val/best_mpjpe":252.732421875,"system/gpu_memory_gb":11.109139456,"train/loss":0.5048064031600952,"final/epochs_trained":7,"val/loss":0.45195566868782044,"final/best_val_mpjpe":252.732421875,"train/hand_mpjpe":262.6609375,"_step":231,"train/lr":5.314410000000001e-06,"train/batch_loss":0.44377103447914124,"epoch":6,"_wandb":{"runtime":469},"val/hand_mpjpe":252.732421875,"_timestamp":1.7490196354590437e+09}