{"train/loss":0.46917090240197307,"final/epochs_trained":7,"_runtime":260.874659373,"_wandb":{"runtime":260},"_timestamp":1.749015162647873e+09,"epoch":6,"train/batch_mpjpe":333.984375,"train/hand_mpjpe":306.03966346153845,"_step":35,"train/batch_loss":0.4990170896053314,"system/gpu_memory_gb":11.884910592,"val/best_mpjpe":259.9921875,"val/hand_mpjpe":267.75,"train/lr":4.109423525312737e-06,"val/loss":0.3907655668258667,"final/best_val_mpjpe":259.9921875}