{"val/best_mpjpe":238.46875,"final/epochs_trained":7,"_step":119,"_timestamp":1.749014156031535e+09,"train/hand_mpjpe":260.50430689102564,"_runtime":346.782773605,"system/gpu_memory_gb":11.236637184,"epoch":6,"train/batch_loss":0.3973274230957031,"train/lr":2.5e-06,"_wandb":{"runtime":346},"final/best_val_mpjpe":238.46875,"train/loss":0.46359446816719496,"train/batch_mpjpe":214.84375,"val/loss":0.41222605848312377,"val/hand_mpjpe":254.02734375}