{"system/gpu_memory_gb":11.883737088,"final/best_val_mpjpe":258.328125,"_timestamp":1.7490216911302757e+09,"val/loss":0.5564979751110077,"train/batch_mpjpe":296.875,"val/hand_mpjpe":258.328125,"_step":35,"_runtime":260.034925262,"train/batch_loss":0.6790885925292969,"val/best_mpjpe":258.328125,"epoch":6,"train/lr":5.314410000000001e-06,"_wandb":{"runtime":260},"train/loss":0.7038967769879562,"train/hand_mpjpe":308.1680689102564,"final/epochs_trained":7}