{"train/hand_mpjpe":256.88046875,"_step":231,"train/loss":0.5041556959629059,"val/best_mpjpe":251.50390625,"epoch":6,"system/gpu_memory_gb":11.111379968,"_runtime":460.367732085,"final/epochs_trained":7,"val/hand_mpjpe":251.50390625,"final/best_val_mpjpe":251.50390625,"_wandb":{"runtime":460},"train/batch_mpjpe":207.03125,"val/loss":0.4562190837860107,"_timestamp":1.7490176837578402e+09,"train/lr":4.109423525312737e-06,"train/batch_loss":0.43765631318092346}