{"_wandb":{"runtime":350},"_step":119,"epoch":6,"_runtime":350.523044625,"val/best_mpjpe":242.078125,"final/epochs_trained":7,"_timestamp":1.749019991917269e+09,"final/best_val_mpjpe":242.078125,"train/hand_mpjpe":239.3814478165064,"train/batch_loss":0.42354124784469604,"train/batch_mpjpe":192.3828125,"val/loss":0.43640940165519715,"train/lr":1.4456400944391143e-06,"val/hand_mpjpe":242.078125,"system/gpu_memory_gb":11.22588928,"train/loss":0.5025503772955674}