{"train/loss":0.5251836085166687,"val/loss":0.44191593980789184,"train/lr":5.314410000000001e-06,"epoch":6,"_wandb":{"runtime":259},"train/batch_mpjpe":289.0625,"val/best_mpjpe":260.4453125,"val/hand_mpjpe":265.25,"final/best_val_mpjpe":260.4453125,"final/epochs_trained":7,"train/hand_mpjpe":294.87179487179486,"_timestamp":1.7490225109109957e+09,"_runtime":259.896895015,"train/batch_loss":0.5233832597732544,"_step":35,"system/gpu_memory_gb":11.885482496}