{"system/gpu_memory_gb":14.583184384,"train/batch_mpjpe":298.828125,"_runtime":441.406416731,"train/loss":0.8095891672449235,"train/lr":2.3734144271886994e-06,"_timestamp":1.7489991004206722e+09,"val/best_mpjpe":304.8046875,"train/hand_mpjpe":368.4708032852564,"train/batch_loss":0.6469467282295227,"epoch":3,"val/loss":0.6243576111793518,"val/hand_mpjpe":315.4765625,"_step":33,"_wandb":{"runtime":442}}