{"train/batch_loss":0.889202892780304,"_step":231,"train/lr":4.109423525312737e-06,"_runtime":468.903453637,"val/best_mpjpe":256.4921875,"_wandb":{"runtime":468},"_timestamp":1.7490191548645918e+09,"final/epochs_trained":7,"val/hand_mpjpe":263.37890625,"train/loss":0.46009582180976866,"system/gpu_memory_gb":11.109139456,"train/hand_mpjpe":261.38359375,"val/loss":0.42465285205841063,"final/best_val_mpjpe":256.4921875,"train/batch_mpjpe":542.96875,"epoch":6}