{"train/loss":0.5390127121638029,"final/epochs_trained":7,"val/hand_mpjpe":246.7578125,"val/loss":0.47023322463035583,"_timestamp":1.7490228032913432e+09,"train/batch_mpjpe":216.796875,"_step":63,"epoch":6,"_wandb":{"runtime":289},"val/best_mpjpe":246.1640625,"_runtime":289.45416184,"train/batch_loss":0.48007211089134216,"system/gpu_memory_gb":11.45296128,"train/hand_mpjpe":250.3943810096154,"final/best_val_mpjpe":246.1640625,"train/lr":1.4456400944391143e-06}