{"train/batch_loss":0.5898459553718567,"system/gpu_memory_gb":11.461997568,"_runtime":293.2504258,"train/hand_mpjpe":261.54346955128204,"val/hand_mpjpe":253.4375,"train/loss":0.46371101511594576,"val/best_mpjpe":253.1015625,"_timestamp":1.7490132364468536e+09,"train/lr":2.5e-06,"val/loss":0.4002344026565552,"_wandb":{"runtime":293},"epoch":6,"final/epochs_trained":7,"train/batch_mpjpe":365.234375,"final/best_val_mpjpe":253.1015625,"_step":63}