{"val/best_mpjpe":252.09375,"_timestamp":1.7490172183409338e+09,"epoch":6,"train/batch_loss":0.5578533411026001,"_wandb":{"runtime":345},"final/epochs_trained":7,"_step":119,"val/loss":0.43324521446228026,"train/batch_mpjpe":302.734375,"_runtime":345.538706951,"train/lr":4.109423525312737e-06,"train/loss":0.4923830242493214,"val/hand_mpjpe":269.1796875,"final/best_val_mpjpe":252.09375,"train/hand_mpjpe":264.11007612179486,"system/gpu_memory_gb":11.227986432}