{"train/batch_loss":0.5189948678016663,"val/best_mpjpe":297.0546875,"_step":17,"system/gpu_memory_gb":8.218912768,"val/loss":0.6231596798896789,"_timestamp":1.7489975365414681e+09,"_runtime":469.021347515,"train/lr":1.7925749969971712e-06,"train/batch_mpjpe":217.7734375,"val/hand_mpjpe":354.265625,"_wandb":{"runtime":475},"epoch":2,"train/loss":0.7805016388495764,"train/hand_mpjpe":362.23582732371796}