{"_step":266,"final/best_val_mpjpe":265,"val/loss":0.577624154984951,"train/hand_mpjpe":123.8796875,"epoch":18,"val/hand_mpjpe":313.1787109375,"train/lr":1.2572482145904237e-06,"train/batch_loss":0.21663279831409454,"train/loss":0.30200317304134366,"_timestamp":1.7490004778632758e+09,"final/epochs_trained":19,"system/gpu_memory_gb":14.443831808,"train/batch_mpjpe":82.03125,"_runtime":1370.699705055,"val/best_mpjpe":265,"_wandb":{"runtime":1370}}