{"_runtime":262.918957358,"train/loss":0.5845197026546185,"epoch":6,"train/lr":1.4456400944391143e-06,"final/best_val_mpjpe":248.34375,"system/gpu_memory_gb":11.880239104,"train/batch_mpjpe":265.625,"train/batch_loss":0.564279317855835,"_step":35,"_timestamp":1.7490090006358643e+09,"val/best_mpjpe":248.34375,"_wandb":{"runtime":262},"final/epochs_trained":7,"train/hand_mpjpe":280.4737580128205,"val/hand_mpjpe":248.5625,"val/loss":0.4703707568645477}