{"val/best_mpjpe":236.07421875,"_step":231,"val/loss":0.34993806755542756,"epoch":6,"_wandb":{"runtime":458},"system/gpu_memory_gb":11.111386112,"_timestamp":1.7490181471358163e+09,"train/loss":0.39761823325157164,"train/batch_mpjpe":298.828125,"train/hand_mpjpe":255.015625,"final/epochs_trained":7,"train/batch_loss":0.4639691114425659,"final/best_val_mpjpe":236.07421875,"train/lr":5.314410000000001e-06,"_runtime":458.28032796,"val/hand_mpjpe":253.21875}