{"_runtime":347.28809156,"system/gpu_memory_gb":11.228969472,"train/lr":5.314410000000001e-06,"val/loss":0.44176233673095705,"_timestamp":1.7490267030167317e+09,"train/batch_mpjpe":269.53125,"_wandb":{"runtime":347},"_step":119,"train/hand_mpjpe":255.86563501602564,"train/batch_loss":0.5363872051239014,"train/loss":0.5185740520365727,"final/best_val_mpjpe":239.734375,"final/epochs_trained":7,"val/hand_mpjpe":239.734375,"val/best_mpjpe":239.734375,"epoch":6}