{"_runtime":262.156948914,"val/loss":0.4768042151927948,"val/best_mpjpe":247.5859375,"train/batch_mpjpe":294.921875,"_step":35,"train/batch_loss":0.5868789553642273,"_wandb":{"runtime":262},"final/best_val_mpjpe":247.5859375,"final/epochs_trained":7,"epoch":6,"system/gpu_memory_gb":11.891070464,"_timestamp":1.749016392116078e+09,"train/hand_mpjpe":290.4271834935897,"train/loss":0.5742960916115687,"train/lr":1.4456400944391143e-06,"val/hand_mpjpe":249.3828125}