{"train/batch_mpjpe":345.703125,"val/loss":0.39470987796783447,"final/best_val_mpjpe":241.2734375,"train/loss":0.4515214019536972,"_runtime":472.007827402,"train/lr":4.109423525312737e-06,"_wandb":{"runtime":472},"_timestamp":1.7490258760547774e+09,"train/hand_mpjpe":254.88984375,"_step":231,"final/epochs_trained":7,"epoch":6,"val/hand_mpjpe":241.2734375,"val/best_mpjpe":241.2734375,"train/batch_loss":0.5966802835464478,"system/gpu_memory_gb":11.11282176}