{"val/best_mpjpe":275.4453125,"train/batch_loss":0.5927844643592834,"_wandb":{"runtime":263},"train/lr":5.314410000000001e-06,"val/hand_mpjpe":275.4453125,"epoch":6,"_runtime":263.566079134,"train/loss":0.584783714551192,"final/best_val_mpjpe":275.4453125,"_step":35,"_timestamp":1.7490138042380326e+09,"train/hand_mpjpe":314.7786458333333,"final/epochs_trained":7,"train/batch_mpjpe":310.546875,"val/loss":0.4423247139453888,"system/gpu_memory_gb":11.884025344}