{"train/batch_loss":0.3735947906970978,"system/gpu_memory_gb":11.112946688,"train/lr":5.314410000000001e-06,"final/epochs_trained":7,"_wandb":{"runtime":463},"_step":231,"train/loss":0.4302239033222198,"train/hand_mpjpe":265.175,"val/loss":0.3806767342090607,"val/hand_mpjpe":255.0546875,"epoch":6,"_timestamp":1.7490156290590136e+09,"train/batch_mpjpe":220.703125,"val/best_mpjpe":255.0546875,"final/best_val_mpjpe":255.0546875,"_runtime":463.515856353}