{"val/best_mpjpe":462.90625,"system/gpu_memory_gb":9.57923328,"train/batch_loss":3.0439257621765137,"train/hand_mpjpe":594.7641225961538,"_wandb":{"runtime":444},"_timestamp":1.7489966362082863e+09,"_runtime":439.87250505,"train/loss":3.2342758224560666,"val/hand_mpjpe":458.9375,"epoch":2,"_step":15,"val/loss":1.8271774168014527,"train/batch_mpjpe":539.0625,"train/lr":2.6687406736263724e-06}