{"train/lr":5.314410000000001e-06,"final/best_val_mpjpe":246.33203125,"val/hand_mpjpe":246.33203125,"system/gpu_memory_gb":11.115758592,"_wandb":{"runtime":471},"train/hand_mpjpe":283.5734375,"_timestamp":1.7490232789251864e+09,"_step":231,"val/best_mpjpe":246.33203125,"train/batch_mpjpe":302.734375,"final/epochs_trained":7,"_runtime":471.747136343,"val/loss":0.3824685127735138,"epoch":6,"train/loss":0.44503008427619933,"train/batch_loss":0.47165000438690186}