{"val/best_mpjpe":243.14453125,"_wandb":{"runtime":477},"val/loss":0.43306747353076935,"_timestamp":1.7490104323757157e+09,"_runtime":477.324881785,"train/loss":0.495534804725647,"final/best_val_mpjpe":243.14453125,"epoch":6,"final/epochs_trained":7,"system/gpu_memory_gb":11.109014528,"train/lr":4.109423525312737e-06,"train/batch_mpjpe":382.8125,"val/hand_mpjpe":243.14453125,"train/batch_loss":0.6635990738868713,"train/hand_mpjpe":263.48359375,"_step":231}