{"system/gpu_memory_gb":11.45787904,"train/batch_loss":0.5131097435951233,"final/best_val_mpjpe":249.1640625,"_step":63,"epoch":6,"_runtime":290.416830018,"_wandb":{"runtime":290},"val/loss":0.43432557439804076,"val/best_mpjpe":249.1640625,"train/hand_mpjpe":263.8534154647436,"train/loss":0.5021486912782376,"val/hand_mpjpe":254,"final/epochs_trained":7,"train/batch_mpjpe":273.4375,"train/lr":2.5e-06,"_timestamp":1.7490242818230035e+09}