{"final/epochs_trained":7,"train/lr":2.5e-06,"train/hand_mpjpe":304.66245993589746,"train/loss":0.5776237895091375,"val/best_mpjpe":262.0703125,"train/batch_loss":0.6455097794532776,"val/loss":0.44253376698493957,"final/best_val_mpjpe":262.0703125,"train/batch_mpjpe":351.5625,"val/hand_mpjpe":262.0703125,"_timestamp":1.7490210743590157e+09,"epoch":6,"_wandb":{"runtime":260},"_runtime":260.011825074,"system/gpu_memory_gb":11.8838528,"_step":35}