{"train/hand_mpjpe":259.0078125,"final/epochs_trained":7,"_timestamp":1.7490146349212637e+09,"epoch":6,"_step":231,"train/loss":0.45838594555854795,"train/lr":1.4456400944391143e-06,"val/best_mpjpe":237.52734375,"val/hand_mpjpe":239.01953125,"system/gpu_memory_gb":11.10998528,"train/batch_loss":0.7433034181594849,"train/batch_mpjpe":435.546875,"val/loss":0.40422024893760683,"final/best_val_mpjpe":237.52734375,"_runtime":467.867380168,"_wandb":{"runtime":467}}