{"val/hand_mpjpe":255.671875,"_runtime":261.865772869,"final/epochs_trained":7,"train/loss":0.5941029198658772,"train/lr":2.5e-06,"train/batch_mpjpe":292.96875,"_timestamp":1.749018419935529e+09,"train/hand_mpjpe":305.4762620192308,"train/batch_loss":0.5979505181312561,"val/loss":0.4725555686950684,"_step":35,"val/best_mpjpe":255.671875,"epoch":6,"system/gpu_memory_gb":11.874970112,"final/best_val_mpjpe":255.671875,"_wandb":{"runtime":261}}