{"val/best_mpjpe":252.59375,"_wandb":{"runtime":293},"train/batch_loss":0.5969613790512085,"final/best_val_mpjpe":252.59375,"val/hand_mpjpe":252.59375,"system/gpu_memory_gb":11.454280704,"final/epochs_trained":7,"_timestamp":1.7490135356681762e+09,"train/loss":0.5889749337847416,"val/loss":0.48663060283660886,"train/hand_mpjpe":272.73011818910254,"train/lr":2.5e-06,"_step":63,"epoch":6,"train/batch_mpjpe":273.4375,"_runtime":293.16771372}