{"final/best_val_mpjpe":260.3359375,"_runtime":344.275721241,"train/lr":2.5e-06,"_timestamp":1.7490111329652069e+09,"train/hand_mpjpe":264.27283653846155,"val/best_mpjpe":260.3359375,"train/batch_mpjpe":449.21875,"system/gpu_memory_gb":11.226159616,"val/loss":0.4406000671386719,"val/hand_mpjpe":268.609375,"final/epochs_trained":7,"train/loss":0.49882701688852066,"_wandb":{"runtime":344},"_step":119,"train/batch_loss":0.7755206823348999,"epoch":6}