{"_timestamp":1.7490124060913086e+09,"epoch":6,"_runtime":293.046766478,"train/batch_loss":0.5267943143844604,"train/lr":4.109423525312737e-06,"val/best_mpjpe":245.734375,"train/loss":0.5015168180450414,"system/gpu_memory_gb":11.466062848,"train/batch_mpjpe":265.625,"_wandb":{"runtime":293},"val/loss":0.43721495366096497,"train/hand_mpjpe":254.3632311698718,"final/epochs_trained":7,"final/best_val_mpjpe":245.734375,"val/hand_mpjpe":247.53125,"_step":63}