{"val/hand_mpjpe":286.8828125,"_step":90,"train/hand_mpjpe":232.04627403846155,"_wandb":{"runtime":922},"epoch":17,"val/best_mpjpe":244.8046875,"val/loss":0.5829565036296844,"train/batch_mpjpe":174.8046875,"final/best_val_mpjpe":244.8046875,"train/loss":0.5591951304903398,"final/epochs_trained":18,"train/lr":1.1123729771333044e-06,"system/gpu_memory_gb":8.49722368,"train/batch_loss":0.4709978401660919,"_timestamp":1.7489961923486044e+09,"_runtime":922.971388769}