{"_runtime":463.762323473,"system/gpu_memory_gb":11.11183872,"val/loss":0.4498501646518707,"train/loss":0.4820493754386902,"_wandb":{"runtime":463},"val/best_mpjpe":252.4140625,"final/epochs_trained":7,"train/batch_loss":0.45373982191085815,"train/lr":4.109423525312737e-06,"val/hand_mpjpe":261.62890625,"_timestamp":1.749016861760549e+09,"train/hand_mpjpe":253.8859375,"epoch":6,"train/batch_mpjpe":225.5859375,"_step":231,"final/best_val_mpjpe":252.4140625}