{"final/epochs_trained":7,"train/lr":2.5e-06,"_wandb":{"runtime":469},"_step":231,"_timestamp":1.749026349748205e+09,"val/best_mpjpe":225.17578125,"train/batch_mpjpe":213.8671875,"train/batch_loss":0.46203845739364624,"_runtime":469.678716059,"val/loss":0.4403903353214264,"train/loss":0.5061910113811493,"train/hand_mpjpe":250.5765625,"final/best_val_mpjpe":225.17578125,"epoch":6,"val/hand_mpjpe":225.17578125,"system/gpu_memory_gb":11.1091456}