{"epoch":2,"_step":25,"val/best_mpjpe":443.53125,"system/gpu_memory_gb":8.764596224,"train/batch_loss":1.4098560810089111,"train/batch_mpjpe":427.734375,"_timestamp":1.748998021685428e+09,"train/lr":8.521751562444797e-07,"train/hand_mpjpe":499.9186197916667,"val/loss":1.2896742820739746,"val/hand_mpjpe":368.21875,"train/loss":1.6090004360064483,"_wandb":{"runtime":473},"_runtime":472.265430302}