{"_runtime":467.692291899,"train/batch_loss":0.3671577274799347,"train/loss":0.5707862123012543,"val/loss":0.4952069251537323,"_timestamp":1.7490094733691561e+09,"val/hand_mpjpe":260.953125,"train/hand_mpjpe":294.3640625,"_wandb":{"runtime":467},"system/gpu_memory_gb":11.108621312,"train/lr":5.314410000000001e-06,"_step":231,"train/batch_mpjpe":182.6171875,"val/best_mpjpe":260.953125,"final/epochs_trained":7,"final/best_val_mpjpe":260.953125,"epoch":6}