{"val/hand_mpjpe":294.9453125,"epoch":18,"train/hand_mpjpe":350.7862580128205,"train/batch_loss":0.7217658162117004,"system/gpu_memory_gb":8.3713152,"_step":152,"train/loss":0.8333889053991208,"val/best_mpjpe":294.6484375,"final/best_val_mpjpe":294.6484375,"_wandb":{"runtime":756},"train/lr":8.692202532179259e-05,"_runtime":756.044105872,"val/loss":0.6989380767345429,"train/batch_mpjpe":304.6875,"final/epochs_trained":19,"_timestamp":1.7489937976969876e+09}