{"_runtime":345.771231706,"train/batch_loss":0.5174678564071655,"val/hand_mpjpe":267.50390625,"epoch":6,"val/loss":0.4352985445261002,"_timestamp":1.7490254011035645e+09,"val/best_mpjpe":254.5625,"final/best_val_mpjpe":254.5625,"system/gpu_memory_gb":11.231001088,"_step":119,"train/lr":5.314410000000001e-06,"train/loss":0.4995455127687026,"train/hand_mpjpe":263.9128856169872,"train/batch_mpjpe":269.53125,"final/epochs_trained":7,"_wandb":{"runtime":345}}