{"train/loss":0.5866561100268975,"val/loss":0.4698059711456299,"epoch":6,"_timestamp":1.7490129381914222e+09,"_runtime":263.825211659,"val/hand_mpjpe":239.921875,"_wandb":{"runtime":263},"train/hand_mpjpe":277.7694310897436,"train/batch_loss":0.5285099148750305,"val/best_mpjpe":239.921875,"system/gpu_memory_gb":11.879568896,"train/batch_mpjpe":236.328125,"train/lr":5.314410000000001e-06,"_step":35,"final/epochs_trained":7,"final/best_val_mpjpe":239.921875}