{"val/best_mpjpe":230.46875,"train/batch_loss":0.467802494764328,"final/epochs_trained":7,"_runtime":346.279529419,"train/hand_mpjpe":242.88236177884616,"val/loss":0.42397590255737305,"train/loss":0.4886338184468257,"_wandb":{"runtime":346},"train/lr":4.109423525312737e-06,"final/best_val_mpjpe":230.46875,"val/hand_mpjpe":239.09765625,"train/batch_mpjpe":213.8671875,"epoch":6,"_timestamp":1.7490236292136629e+09,"system/gpu_memory_gb":11.228379648,"_step":119}